date,reddit_sentiment,news_sentiment,return
2023-07-20,0.08333333333333333,-0.06821706761904762,-0.0226784626290841
2023-07-21,0.0,-0.1323646438,-0.0226784626290841
2023-07-24,0.0,-0.3389142266666667,0.0020350762975145
2023-07-27,-0.23835,0.16855619966666668,-0.0224761627231553
2023-07-28,-0.2446,0.15815058,0.030520088442401
2023-07-31,-0.27115,0.042532753,0.0309784453925072
2023-08-02,0.49665,0.013070762,-0.0203364712267005
2023-08-03,0.1531,0.358041852,0.0030253380405826
2023-08-07,0.0,0.18093133,0.0212233631431237
2023-08-08,0.0,-0.211941569,-0.0055813184457554
2023-08-09,0.05300000000000001,0.042532753,-0.0214464845044085
2023-08-10,0.24766666666666667,0.5088218533333334,0.0025181093616533
2023-08-11,-0.296,0.0019684900000000033,-0.0193497537365365
2023-08-14,-0.4767,0.043897729,0.014514051757424
2023-08-15,0.0,0.0387968945,-0.0095375814294922
2023-08-18,0.3612,0.09568624,0.0037965230255505
2023-08-21,0.0,0.11798976,0.0092947612710334
2023-08-23,0.11394999999999997,-0.5825940333333334,0.0348040126289308
2023-08-25,-0.2755,-0.0999411387142857,0.0223625839021552
2023-08-29,0.10920000000000002,-0.19694700366666665,0.0285365563446649
2023-08-30,0.0,0.46748975,0.0108840282323978
2023-08-31,0.0,0.14802574,-0.00227763756728
2023-09-06,0.0,0.04460132333333333,-0.0065079409775827
2023-09-08,-0.5423,0.042532753,-0.0007673124615895
2023-09-14,0.4019,-0.164744228,-0.0285028145700266
2023-09-15,0.0,0.11737596099999999,-0.0088641111626566
2023-09-18,0.0,0.0394193305,-0.0063989734702961
2023-09-21,0.6808,-0.0024426356,-0.0055656069490652
2023-09-22,0.0,-0.34967832833333334,-0.0112976608274009
2023-09-25,0.0,0.91802317,0.0131381223939615
2023-09-26,-0.5574,-0.11577147,-0.0144230456575658
2023-09-29,0.0,0.38110919000000004,0.00329477309017
2023-10-02,0.0,0.10135428,0.0072298210397845
2023-10-03,0.8658,-0.03018329,-0.009412843316748
2023-10-04,0.296,0.09374311116666667,0.0003981258035417
2023-10-05,0.7184,0.49520110500000003,-0.0114353877113022
2023-10-06,0.0,-0.166366916,0.0239405607112572
2023-10-09,0.3182,-0.74288493,0.0116379710302592
2023-10-10,0.3695,-0.1994834686,-0.0327244577881694
2023-10-13,0.0,-0.23628403750000002,-0.0152824455833242
2023-10-16,0.0,0.057031758,0.0144512335646691
2023-10-17,-0.3753,0.12407183660000001,-0.0141344881103917
2023-10-18,0.09784000000000001,0.049347528,-0.0267907307618164
2023-10-20,0.0,-0.18060017612,-0.0020160728295866
2023-10-24,0.0,-0.25929707,0.016935440739497
2023-10-26,-0.3818,-0.006163247,-0.0187476995868161
2023-10-27,0.0,0.49361244,-0.0140506847095018
2023-11-02,-0.19796666666666665,-0.03106512,0.0107570122739941
2023-11-03,0.4588,-0.7253901,0.0180122767309407
2023-11-08,0.31845,0.2214876533333333,0.0046938832831271
2023-11-09,0.0516,-0.0313342231,-0.0034352456680798
2023-11-10,0.5794,0.042532753,0.0277835148970877
2023-11-13,-0.3243,-0.870985,-0.0058581414327786
2023-11-14,0.6369,-0.402366205,0.0090639171057402
2023-11-15,-0.8591,0.0178728405,0.0296222193819715
2023-11-16,0.5994,0.059603043,0.0108455854421494
2023-11-17,0.0,0.103038535,-0.0022272374295618
2023-11-20,-0.0129,0.0195673075,0.0183726416932694
2023-11-22,-0.15999999999999998,0.042532753,0.0064217027362434
2023-11-23,-0.08879999999999999,0.12062739,0.0064217027362434
2023-11-28,0.2294,0.07823877833333333,-0.0003548081536199
2023-12-01,0.0,0.026889443,-0.0173639913182941
2023-12-05,0.0,0.4813401265,0.0027539105900165
2023-12-06,0.2263,0.4125978,-0.018499358503938
2023-12-12,0.0,-0.12681762566666666,0.0067624546141535
2023-12-13,0.0,0.30818734999999997,0.0366738898192831
2023-12-18,0.0,-0.3691094475,0.0297843444293297
2023-12-19,0.31845,0.042532753,0.0183082242777092
2023-12-20,0.0,0.042532753,-0.011615692553056
2023-12-21,0.44035,-0.10795234249999999,0.0047826279772602
2023-12-22,-0.4588,0.21597911,-0.0098654944579068
2023-12-29,-0.00846,0.042532753,-0.0074004705521646
2024-01-02,0.6908,0.4150932,-0.0377505847405592
2024-01-03,0.0,0.33723291,0.0037566910685697
2024-01-05,-0.6697,-0.24333617733333335,-0.0012851367305373
2024-01-11,0.3062,-0.84155744,0.0290594878102263
2024-01-16,-0.34676666666666667,0.23778571,-0.0221879334900839
2024-01-18,-0.029450000000000004,0.44449735,0.0103678952502352
2024-01-19,0.0,0.050469704,-0.0048628409953116
2024-01-22,0.128,0.18029197461666668,0.0057148342028898
2024-01-23,0.27699999999999997,0.16683745685714285,0.0133413170417093
2024-01-25,-0.05636,0.14310313916666664,0.0314387010412058
2024-01-29,-0.07939999999999998,0.534784125,0.0094141076366065
2024-01-30,-0.2202,0.37313891,-0.0224734763285368
2024-01-31,0.0,0.053584307,0.0022386245363399
2024-02-01,0.5106,0.052933075,0.006027236713322
2024-02-02,0.22555,0.344226882,-0.0050571709182235
2024-02-07,0.0,0.057278753,0.0061523761965087
2024-02-08,0.0,0.29955721225,-0.0013766467242956
2024-02-13,0.0,0.09721929,-0.0059692680835736
2024-02-15,0.2202,0.41753393,0.0243902516113214
2024-02-16,0.48565,-0.9354662,-0.016024684753008
2024-02-19,0.0,0.094341196,-0.016024684753008
2024-02-20,0.6464,0.042532753,-0.0151040451063331
2024-02-22,0.4588,0.0878851,0.0263713190215724
2024-02-23,-0.6093500000000001,0.042532753,-0.0083436256546185
2024-02-27,-0.06743333333333333,-0.16832109,0.0238576668316705
2024-02-28,-0.10115,0.53700582,-0.0086259952944689
2024-02-29,0.0,0.68075493,0.0107966782662936
2024-03-01,0.29040000000000005,-0.020348892,0.0272342009068213
2024-03-05,0.7739,0.103835955,-0.0281409100058782
2024-03-06,0.0,0.017856224,-0.0013533793794381
2024-03-12,-0.2023,0.9333008,0.0168905272457231
2024-03-13,0.3612,0.10153788849999999,-0.0026674164384806
2024-03-19,0.7184,0.049774196,0.0038001512480332
2024-03-20,0.38915,0.16223639616666666,0.011196333918179
2024-03-21,0.08895,0.10363599999999999,-0.0079338215510528
2024-03-25,0.2732,-0.13386832999999998,-0.0008757627815104
2024-03-28,0.54915,0.8649663,-0.010105474729797
2024-03-29,-0.296,0.12088365133333334,-0.010105474729797
2024-04-03,0.2732,0.14294827,0.0258380595390121
2024-04-05,0.2732,0.21245775725000002,0.0308519583488524
2024-04-08,0.0,0.055318508833333335,-0.0122135553156413
2024-04-09,0.4215,-0.09285277933333334,-0.0162472929676941
2024-04-10,0.0,-0.18895839,0.0006146956895969
2024-04-11,0.0,0.042532753,0.016489398178457
2024-04-12,0.0,0.27462546057142856,-0.0094627881449809
2024-04-15,0.0,0.42273286325000003,-0.0251753965697504
2024-04-16,0.2202,0.055656373,0.0170797903322086
2024-04-18,0.018285714285714287,-0.04837497297500001,-0.0051003028733734
2024-04-22,0.6908,0.27219513798333334,-0.000792740088687
2024-04-24,0.18380000000000002,0.19199478975,-0.0391691992779099
2024-04-25,-0.13616,0.288389163,0.0174376580936124
2024-04-26,0.7424,0.10860607200000001,-0.0063208346341667
2024-04-29,0.0,0.4836524,-0.0031003159042247
2024-04-30,-0.2492,0.42765968699999996,-0.0158179337260889
2024-05-02,0.0,0.43202004,0.0243606276959609
2024-05-03,0.0,-0.09310523233333334,0.0251083815419068
2024-05-06,0.2007,-0.1491229,0.0304310819733062
2024-05-07,-0.6124,0.23633427266666665,0.0151264380790197
2024-05-08,-0.3182,0.03057906775,0.0057260242625825
2024-05-09,0.0,-0.15846630044999999,0.0042989093446574
2024-05-14,0.0,0.037793465,-0.0047520290360199
2024-05-15,0.11596,0.24379757424999998,-0.0002280637802789
2024-05-16,0.0,0.4489426982222222,-0.004889815987247
2024-05-17,0.0,0.03500693829999999,0.0173294170808857
2024-05-20,0.0,0.2759478166666666,0.0317501731016454
2024-05-21,0.0,-0.25921062,0.0152772664951932
2024-05-22,-0.4588,0.042532753,-0.0155853965920278
2024-05-23,0.36995,0.47588770333333336,-0.0074944775126603
2024-05-24,-0.2263,0.4117341036,0.0174304550910495
2024-05-27,0.0,0.069059305,0.0174304550910495
2024-05-28,0.2202,0.3476908735,0.0034789331271742
2024-05-31,0.296,0.36407575000000003,-0.0093258473238948
2024-06-05,0.2202,0.30301395366666667,0.0295272862769366
2024-06-06,0.0,0.012949756666666664,-0.0026911897326306
2024-06-07,0.2628,0.22518238,-0.0108709810272638
2024-06-10,-0.4019,0.19023571333333333,0.0047235715392159
2024-06-11,0.0,0.12471945000000001,0.0062839220992532
2024-06-12,-0.07309999999999998,0.07585123425000001,0.0023282858592961
2024-06-14,-0.38915,0.1979143,0.0246762313262844
2024-06-21,-0.04685,0.102724428,0.0104413141016075
2024-06-24,0.26335,0.09370582,-0.0249227186317706
2024-06-27,0.50745,0.0178840782,0.0098127822309692
2024-07-02,0.00955,0.14684115133333334,0.0088627423406817
2024-07-04,0.0,0.119686514,0.0043114756203814
2024-07-05,0.3066,0.054528077,0.0119265864704793
2024-07-08,-0.4939,0.41192816,-0.0071092941520607
2024-07-09,0.0,0.9331626,0.0
2024-07-11,0.081275,-0.276153932,-0.0367446668884762
2024-07-12,0.1998,0.06142031428571428,-0.0078897348357909
2024-07-15,0.0,0.01898079800000003,0.0136659001771677
2024-07-16,-0.481,0.33670173750000004,-0.0001980423191332
2024-07-17,-0.12283999999999999,0.3087387363,-0.0134994899632637
2024-07-18,0.07038888888888889,0.09868752233333333,-0.0068267441931714
2024-07-19,-0.06364,0.33248773596428577,-0.0150845227409213
